Hostname,IP_Address,Distribution,Product_Name,Subscription_Name,Entitlement_Type
rhel9clone,192.168.1.102,RedHat 9.1,VirtualBox,Red Hat Developer Subscription for Individuals
   60 Day Product Trial of Red Hat Enterprise Linux Server with Smart Management and all Add-Ons Self-Supported (Physical or Virtual Nodes)
   Red Hat Beta Access,Physical
    Physical
    Physical
rhel9,192.168.1.101,RedHat 9.1,VirtualBox,60 Day Product Trial of Red Hat Enterprise Linux Server with Smart Management and all Add-Ons Self-Supported (Physical or Virtual Nodes)
   Red Hat Developer Subscription for Individuals
   Red Hat Beta Access,Physical
    Physical
    Physical
